,City,Lat,Lng,Max Temp,Humidity,Cloudiness,Wind Speed,Country,Date
0,Punta Arenas,-53.15,-70.92,44.599999999999966,65,40,36.909510000000004,CL,1603139877
1,Hermanus,-34.42,19.23,55.00399999999996,79,100,14.763804,ZA,1603139757
2,Puerto Escondido,15.85,-97.07,85.99999999999994,70,20,4.697574,MX,1603139880
3,Touros,-5.2,-35.46,80.59999999999997,69,40,10.289924,BR,1603139225
4,Mataura,-46.19,168.86,46.00399999999996,83,81,8.9924988,NZ,1603139423
5,Cairns,-16.92,145.77,67.99999999999994,94,40,2.7066974,AU,1603139714
6,Auki,-8.77,160.7,81.68,80,11,2.8185444000000004,SB,1603139884
7,Kumasi,6.69,-1.62,73.166,93,34,2.23694,GH,1603139678
8,Atuona,-9.8,-139.03,78.60200000000003,74,0,18.588971400000002,PF,1603139446
9,Novobiryusinskiy,56.96,97.71,27.805999999999983,93,100,9.9991218,RU,1603139888
10,Novikovo,51.15,37.89,39.95600000000002,73,0,7.672704200000001,RU,1603139889
11,Cácota,7.27,-72.64,75.19999999999999,78,75,6.934514000000001,CO,1603139890
12,Torbay,47.67,-52.73,53.995999999999924,82,66,1.9908766000000002,CA,1603139464
13,Port Alfred,-33.59,26.89,64.48999999999995,88,41,12.0347372,ZA,1603139423
14,Namatanai,-3.67,152.43,81.13999999999993,76,5,2.6172198,PG,1603139486
15,Lebu,-37.62,-73.65,55.38199999999989,58,0,11.855782,CL,1603139209
16,Fort Nelson,58.81,-122.7,30.86599999999993,76,75,1.8566602,CA,1603139215
17,Klaksvík,62.23,-6.59,39.19999999999999,86,16,10.289924,FO,1603139453
18,Carnarvon,-24.87,113.63,67.99999999999994,72,90,13.869028000000002,AU,1603139450
19,Port Hardy,50.7,-127.42,52.39400000000006,81,95,12.974252,CA,1603139498
20,Gouré,13.98,10.27,87.00799999999998,15,0,2.9974996000000003,NE,1603139901
21,Ushuaia,-54.8,-68.3,39.19999999999999,80,90,38.02798,AR,1603139414
22,Cherskiy,68.75,161.3,17.581999999999937,94,11,3.9370144000000002,RU,1603139256
23,Rikitea,-23.12,-134.97,74.03000000000003,78,0,14.316416000000002,PF,1603139208
24,Vanavara,60.34,102.28,24.99799999999999,96,100,14.5848488,RU,1603139905
25,Nanortalik,60.14,-45.24,37.18399999999991,89,96,6.71082,GL,1603139478
26,Salina Cruz,16.17,-95.2,92.012,47,3,14.7414346,MX,1603139907
27,Baoro,5.67,15.97,69.9260000000001,80,60,2.6395892,CF,1603139909
28,Makkah al Mukarramah,21.43,39.83,79.08800000000002,20,0,5.391025400000001,SA,1603139420
29,Ambon City,-3.7,128.18,80.00600000000003,92,100,5.7936746,ID,1603139911
30,Quatre Cocos,-20.21,57.76,73.39999999999992,73,20,8.052984,MU,1603139502
31,Balgazyn,51.0,95.2,21.32600000000008,87,16,3.8922756,RU,1603139913
32,Albany,42.6,-73.97,60.00799999999998,71,100,3.7356898000000003,US,1603139424
33,Saint-Philippe,-21.36,55.77,69.99799999999999,77,40,6.934514000000001,RE,1603139445
34,Narrabri,-30.32,149.78,57.19999999999999,76,36,9.171454,AU,1603139916
35,Nikolskoye,59.7,30.79,37.39999999999998,95,90,6.71082,RU,1603139440
36,Dikson,73.51,80.55,23.810000000000002,95,98,17.7389342,RU,1603139462
37,Cayenne,4.93,-52.33,85.99999999999994,66,42,10.289924,GF,1603139529
38,Hilo,19.73,-155.09,84.19999999999999,62,75,6.934514000000001,US,1603139210
39,Port Elizabeth,-33.92,25.57,60.80000000000001,87,99,12.750558000000002,ZA,1603139438
40,Puerto Ayora,-0.74,-90.35,76.99999999999994,69,75,14.987498000000002,EC,1603139193
41,Barrow,71.29,-156.79,21.19999999999999,85,90,10.289924,US,1603139224
42,Siddāpur,14.33,74.88,69.43999999999988,99,100,3.5567346000000004,IN,1603139926
43,Cape Town,-33.93,18.42,60.99799999999999,67,40,10.289924,ZA,1603139216
44,Banjarmasin,-3.32,114.59,75.19999999999999,100,75,5.816044000000001,ID,1603139928
45,Flinders,-34.58,150.86,60.99799999999999,81,80,1.006623,AU,1603139510
46,Pacatuba,-3.98,-38.62,82.39999999999992,69,63,13.869028000000002,BR,1603139930
47,Katobu,-4.94,122.53,73.34599999999995,86,35,3.914645,ID,1603139931
48,Deming,32.27,-107.76,85.99999999999994,7,1,10.289924,US,1603139932
49,Thompson,55.74,-97.86,30.361999999999966,90,99,8.388525000000001,CA,1603139444
50,Castro,-24.79,-50.01,69.9260000000001,73,10,5.346286600000001,BR,1603139425
51,Nehe,48.48,124.83,41.23399999999987,68,100,7.381902,CN,1603139936
52,Hobart,-42.88,147.33,46.39999999999998,87,75,5.816044000000001,AU,1603139421
53,Karratha,-20.74,116.85,64.67000000000002,84,0,9.372778600000002,AU,1603139222
54,Bluff,-46.6,168.33,46.00399999999996,83,95,8.9924988,NZ,1603139427
55,Galesong,-5.32,119.37,73.39999999999992,100,20,3.35541,ID,1603139940
56,Vaini,-21.2,-175.2,71.59999999999997,78,20,11.408394,TO,1603139442
57,Jamestown,42.1,-79.24,51.99799999999999,93,90,4.697574,US,1603139408
58,Gigmoto,13.78,124.39,78.07999999999998,91,100,3.2211936,PH,1603139944
59,Fort Madison,40.63,-91.32,39.19999999999999,69,90,5.816044000000001,US,1603139945
60,Lompoc,34.64,-120.46,67.99999999999994,77,1,13.869028000000002,US,1603139481
61,Mount Isa,-20.73,139.5,73.39999999999992,18,35,4.697574,AU,1603139488
62,Mar del Plata,-38.0,-57.56,60.80000000000001,36,99,17.224438000000003,AR,1603139414
63,Kapaa,22.08,-159.32,85.99999999999994,78,75,6.934514000000001,US,1603139186
64,Hakkâri Province,37.58,44.17,43.97000000000003,52,0,1.2526864000000002,TR,1603139951
65,Butaritari,3.07,172.79,82.00399999999996,76,82,11.296547,KI,1603139444
66,Camacha,33.08,-16.33,69.80000000000001,73,20,3.35541,PT,1603139530
67,Yellowknife,62.46,-114.35,28.003999999999962,89,95,4.0041226000000005,CA,1603139492
68,Busselton,-33.65,115.33,55.00399999999996,73,0,9.842536,AU,1603139426
69,Port Augusta,-32.5,137.77,51.99799999999999,93,100,5.816044000000001,AU,1603139957
70,Sri Mādhopur,27.47,75.6,71.92399999999992,21,0,4.026492,IN,1603139958
71,San Patricio,28.02,-97.52,91.39999999999992,55,40,19.461378,US,1603139428
72,Chimbote,-9.09,-78.58,66.32600000000008,74,67,9.618842,PE,1603139568
73,Sitka,57.05,-135.33,44.599999999999966,75,75,3.35541,US,1603139508
74,Saint Paul Harbor,57.79,-152.41,42.799999999999955,75,90,9.171454,US,1603139448
75,Dudinka,69.41,86.18,12.199999999999989,92,90,11.184700000000001,RU,1603139243
76,Tuktoyaktuk,69.45,-133.04,23.107999999999947,98,91,5.122592600000001,CA,1603139210
77,Ribeira Grande,38.52,-28.7,60.80000000000001,72,40,16.105968,PT,1603139474
78,Luanshya,-13.14,28.42,67.45999999999998,33,0,4.585727,ZM,1603139967
79,Alofi,-19.06,-169.92,76.99999999999994,73,75,13.869028000000002,NU,1603139389
80,San Policarpo,12.18,125.51,77.5399999999999,88,100,7.180577400000001,PH,1603139273
81,Goderich,43.75,-81.72,51.99799999999999,77,100,1.9908766000000002,CA,1603139445
82,Qaanaaq,77.48,-69.36,28.129999999999995,81,29,9.775427800000001,GL,1603139209
83,Rocha,-34.48,-54.33,75.57800000000003,80,27,4.026492,UY,1603139446
84,Los Llanos de Aridane,28.66,-17.92,78.80000000000001,69,20,9.730689,ES,1603139237
85,Esperance,-33.87,121.9,58.99999999999994,100,90,10.289924,AU,1603139489
86,Bengkulu,-3.8,102.27,76.33399999999989,84,100,3.0198690000000004,ID,1603139501
87,Norman Wells,65.28,-126.83,21.343999999999994,81,9,9.484625600000001,CA,1603139453
88,Marrakesh,31.63,-8.01,75.19999999999999,38,39,4.697574,MA,1603139516
89,Boyabat,41.47,34.77,55.32800000000003,72,99,0.9842536000000001,TR,1603139980
90,Ostrovnoy,68.05,39.51,35.420000000000016,83,94,14.517740600000002,RU,1603139262
91,East London,-33.02,27.91,66.12799999999999,84,12,3.3777794,ZA,1603139463
92,Chui,-33.7,-53.46,74.49799999999999,69,0,6.129215600000001,UY,1603139470
93,Talnakh,69.49,88.4,12.199999999999989,92,90,11.184700000000001,RU,1603139521
94,Arlit,18.74,7.39,93.2899999999999,10,0,8.1424616,NE,1603139498
95,Tasiilaq,65.61,-37.64,33.799999999999955,86,50,12.750558000000002,GL,1603139437
96,Hualmay,-11.1,-77.61,67.35200000000003,71,18,10.312293400000001,PE,1603139527
97,Itarema,-2.92,-39.92,80.95999999999998,71,12,19.528486200000003,BR,1603139244
98,Gōtsuchō,35.0,132.22,55.670000000000016,67,0,6.129215600000001,JP,1603139990
99,Hambantota,6.12,81.12,79.05199999999996,81,87,16.083598600000002,LK,1603139429
100,Narsaq,60.92,-46.05,33.799999999999955,84,93,2.23694,GL,1603139409
101,Saskylakh,71.92,114.08,21.613999999999976,97,97,4.026492,RU,1603139207
102,Severo-Kuril'sk,50.68,156.12,40.06400000000002,71,73,8.052984,RU,1603139441
103,Tiksi,71.69,128.87,14.738,93,100,22.7944186,RU,1603139435
104,Clonmel,52.35,-7.7,55.99399999999997,94,100,1.9908766000000002,IE,1603139996
105,Hohhot,40.81,111.65,37.39999999999998,51,100,4.47388,CN,1603139499
106,Yaypan,40.38,70.82,58.83800000000002,34,0,1.1632088,UZ,1603139999
107,Fairbanks,64.84,-147.72,19.399999999999977,85,90,2.23694,US,1603139455
108,Boa Vista,2.82,-60.67,94.99999999999994,39,40,11.408394,BR,1603139786
109,Gizo Government Station,-8.1,156.84,83.156,72,22,2.9303914000000004,SB,1603139726
110,La Macarena,2.18,-73.78,89.87000000000006,51,88,1.4540110000000002,CO,1603140003
111,Bubaque,11.28,-15.83,82.76000000000005,88,4,7.225316200000001,GW,1603139742
112,Guadalupe y Calvo,26.1,-106.97,75.92000000000002,34,0,7.247685600000001,MX,1603140005
113,Ilhabela,-23.78,-45.36,72.21199999999993,84,98,11.699196200000001,BR,1603139827
114,Rawson,-43.3,-65.1,61.43000000000001,30,6,21.2956688,AR,1603139440
115,Baijiantan,45.63,85.18,44.83399999999989,45,0,11.274177600000002,CN,1603140009
116,Seoul,37.57,126.98,48.19999999999999,100,1,1.9237684000000002,KR,1603139403
117,Nemuro,43.32,145.57,52.37600000000003,73,1,14.070352600000001,JP,1603139573
118,Krasnyy Kut,50.95,46.97,46.95799999999997,54,100,3.131716,RU,1603140012
119,Provideniya,64.38,-173.3,28.399999999999977,79,31,4.47388,RU,1603139447
120,Isernia,41.6,14.24,57.99200000000002,73,83,1.9908766000000002,IT,1603140014
121,Taltal,-25.4,-70.48,63.64400000000006,62,22,7.158208000000001,CL,1603140016
122,Lavrentiya,65.58,-171.0,34.141999999999996,78,6,4.048861400000001,RU,1603139427
123,Agde,43.31,3.48,60.80000000000001,82,90,18.342908,FR,1603140018
124,Los Reyes Acaquilpan,19.35,-98.97,73.39999999999992,35,75,5.0331150000000004,MX,1603140019
125,Cockburn Town,21.46,-71.14,82.43599999999998,69,83,11.9452596,TC,1603139539
126,Shihezi,44.3,86.03,48.75799999999998,45,0,7.806920600000001,CN,1603140021
127,Bredasdorp,-34.53,20.04,58.99999999999994,62,100,6.934514000000001,ZA,1603139218
128,Ambāgarh Chauki,20.78,80.72,73.32800000000003,88,7,2.6172198,IN,1603140024
129,Cap Malheureux,-19.98,57.61,73.00399999999996,73,26,1.006623,MU,1603139786
130,Malé,4.17,73.51,81.51799999999997,80,100,11.0057448,MV,1603140026
131,Bethel,41.37,-73.41,62.00600000000003,72,90,6.934514000000001,US,1603139214
132,Coyhaique,-45.58,-72.07,46.39999999999998,61,75,6.934514000000001,CL,1603139949
133,Gijang,35.24,129.21,51.799999999999955,81,0,5.816044000000001,KR,1603139543
134,Khao Wong,16.7,104.09,66.95599999999996,91,100,4.362033,TH,1603140032
135,Marzuq,14.4,46.47,65.82199999999995,26,0,4.787051600000001,YE,1603139712
136,Katsuura,35.13,140.3,58.99999999999994,72,99,12.750558000000002,JP,1603139213
137,Kaitangata,-46.28,169.85,51.00799999999998,70,79,1.9908766000000002,NZ,1603139446
138,Tsaratanana,-16.78,47.65,72.73399999999987,62,1,8.299047400000001,MG,1603140036
139,Mandan,46.83,-100.89,33.799999999999955,68,90,3.35541,US,1603140037
140,São Filipe,14.9,-24.5,82.77800000000008,66,48,7.695073600000001,CV,1603139459
141,Mossamedes,-15.2,12.15,70.17800000000005,72,20,2.5948504,AO,1603139745
142,Pimentel,-6.84,-79.93,71.59999999999997,60,15,19.461378,PE,1603140041
143,Akdepe,42.06,59.38,53.599999999999966,27,0,9.171454,TM,1603140042
144,New Norfolk,-42.78,147.06,46.00399999999996,84,63,2.2593094000000002,AU,1603140043
145,Sisimiut,66.94,-53.67,36.73399999999987,82,100,14.361154800000001,GL,1603139533
146,Palmas,-10.21,-48.36,87.80000000000001,66,75,10.289924,BR,1603139808
147,Kruisfontein,-34.0,24.73,60.00799999999998,81,100,2.9974996000000003,ZA,1603139448
148,Bandarbeyla,9.49,50.81,78.17000000000002,75,0,1.11847,SO,1603139504
149,Seddon,-37.81,144.89,51.99799999999999,93,0,5.816044000000001,AU,1603140049
150,Yeppoon,-23.13,150.73,66.19999999999999,88,0,2.23694,AU,1603139529
151,Ocho Rios,18.4,-77.1,87.80000000000001,74,40,17.224438000000003,JM,1603140051
152,Kahului,20.89,-156.47,87.80000000000001,55,40,9.171454,US,1603139254
153,Benghazi,32.12,20.07,72.10399999999998,71,37,8.94776,LY,1603139860
154,Sioux Lookout,50.1,-91.92,34.24999999999994,74,100,7.449010200000001,CA,1603140055
155,Lorengau,-2.02,147.27,80.13199999999989,74,74,1.7000744,PG,1603139242
156,Sur,22.57,59.53,81.06800000000004,32,7,9.8201666,OM,1603139529
157,Hofn,64.25,-15.21,35.599999999999966,74,20,8.052984,IS,1603139796
158,Kushiro,42.98,144.37,44.56400000000002,79,0,6.666081200000001,JP,1603140059
159,Hede,33.77,120.25,53.79800000000006,76,0,2.6843280000000003,CN,1603140060
160,Muros,42.78,-9.06,62.995999999999924,85,90,9.9991218,ES,1603139733
161,Chokurdakh,70.63,147.92,15.637999999999977,98,92,6.554234200000001,RU,1603140057
162,Ygatimi,-24.08,-55.5,89.97800000000001,41,31,3.131716,PY,1603140064
163,Uyuni,-20.46,-66.83,64.31,25,83,14.070352600000001,BO,1603140065
164,Baloda Bāzār,21.67,82.17,74.67800000000005,83,4,4.026492,IN,1603140066
165,Taoudenni,22.68,-3.98,84.39799999999997,19,0,12.4373864,ML,1603140067
166,Krasnosel'kup,65.7,82.47,19.93999999999994,97,100,7.3147938,RU,1603139504
167,Cap-aux-Meules,47.38,-61.86,50.79199999999997,88,85,8.4556332,CA,1603139941
168,Praia da Vitória,38.73,-27.07,60.80000000000001,77,40,31.429007000000002,PT,1603139491
169,Khatanga,71.97,102.5,7.970000000000027,96,6,1.8342908,RU,1603140050
170,Pundaguitan,6.37,126.17,83.156,77,100,16.6204642,PH,1603140073
171,Mayskiy,47.69,40.1,51.799999999999955,87,40,4.47388,RU,1603140074
172,Shingū,33.73,135.98,54.73399999999987,73,100,5.8384134,JP,1603139480
173,Nador,35.17,-2.93,67.99999999999994,82,68,1.11847,MA,1603139854
174,Avarua,-21.21,-159.78,78.80000000000001,78,0,5.816044000000001,CK,1603140060
175,Sobolevo,54.43,31.9,37.61599999999993,80,3,14.3835242,RU,1603140079
176,Pitimbu,-7.47,-34.81,80.59999999999997,69,20,11.408394,BR,1603140080
177,Longyearbyen,78.22,15.64,26.599999999999966,86,75,11.408394,SJ,1603140081
178,Yar-Sale,66.83,70.83,17.3839999999999,96,0,2.6172198,RU,1603140083
179,Badvel,14.75,79.05,78.99799999999999,78,98,1.677705,IN,1603140084
180,George Town,5.41,100.34,80.59999999999997,88,20,3.35541,MY,1603139980
181,Departamento de Maldonado,-34.67,-54.92,71.99599999999992,78,40,14.987498000000002,UY,1603139719
182,Pisco,-13.7,-76.22,69.80000000000001,60,0,17.224438000000003,PE,1603139511
183,Paciran,-6.88,112.38,78.20599999999996,80,79,7.806920600000001,ID,1603140088
184,Maragogi,-9.01,-35.22,75.99200000000002,76,83,10.066230000000001,BR,1603140089
185,Dwārka,22.24,68.97,83.91199999999998,78,4,8.4108944,IN,1603140090
186,Manokwari,-0.87,134.08,80.79800000000006,76,100,8.500372,ID,1603140092
187,Assiniboia,49.63,-105.98,24.511999999999944,87,57,10.3794016,CA,1603140093
188,Havre-St-Pierre,50.23,-63.6,45.355999999999995,81,100,4.2725554,CA,1603140094
189,Vao,-22.67,167.48,73.41799999999995,76,95,16.7099418,NC,1603139573
190,Wajir,1.75,40.06,82.11199999999991,57,32,18.231061,KE,1603140096
191,Siteki,-26.45,31.95,66.344,83,1,4.7423128000000005,SZ,1603140097
192,Hithadhoo,-0.6,73.08,82.50799999999998,78,100,12.370278200000001,MV,1603140099
193,Vestmannaeyjar,63.44,-20.27,41.84599999999995,72,100,8.5898496,IS,1603139541
194,Guerrero Negro,27.98,-114.06,86.30599999999998,39,0,12.7729274,MX,1603140066
195,Alvarães,-3.22,-64.8,85.99999999999994,74,20,5.816044000000001,BR,1603139730
196,Patos,-7.02,-37.28,87.74599999999992,32,71,19.573225,BR,1603140103
197,Saint Anthony,45.02,-93.22,33.99799999999999,82,90,4.697574,US,1603140091
198,Omsukchan,62.53,155.8,22.531999999999925,96,99,8.5451108,RU,1603139708
199,Richards Bay,-28.78,32.04,70.71800000000002,89,58,2.8409138,ZA,1603140106
200,Yulara,-25.24,130.99,66.19999999999999,88,48,9.171454,AU,1603139519
201,Honiara,-9.43,159.95,76.99999999999994,94,40,2.23694,SB,1603139741
202,Belmonte,-15.86,-38.88,76.99999999999994,69,75,6.934514000000001,BR,1603140110
203,Vardø,70.37,31.11,40.99999999999994,69,75,16.105968,NO,1603139666
204,Port Shepstone,-30.74,30.45,68.72000000000008,88,96,1.7224438000000002,ZA,1603139713
205,Viedma,-40.81,-63.0,67.99999999999994,24,0,4.0041226000000005,AR,1603139739
206,San Vicente,-26.62,-54.13,80.47399999999999,43,81,1.0289924000000001,AR,1603140115
207,Rosario,-32.95,-60.64,84.19999999999999,54,37,26.395892000000003,AR,1603140116
208,Pistsovo,57.18,40.53,35.599999999999966,90,40,6.71082,RU,1603140117
209,Mācherla,16.48,79.43,77.86399999999998,88,100,1.7895520000000003,IN,1603140118
210,Aghavnadzor,39.78,45.23,53.599999999999966,40,0,9.171454,AM,1603140119
211,Tommot,58.96,126.29,24.31400000000002,97,100,2.2593094000000002,RU,1603140120
212,Ketchikan,55.34,-131.65,46.39999999999998,100,90,11.408394,US,1603139712
213,Half Moon Bay,37.46,-122.43,78.00799999999998,60,5,5.816044000000001,US,1603140000
214,Price,39.6,-110.81,66.19999999999999,20,1,6.934514000000001,US,1603140124
215,Turukhansk,65.82,87.98,11.407999999999959,97,100,3.9370144000000002,RU,1603140125
216,Beloha,-25.17,45.05,65.87600000000003,89,0,7.270055,MG,1603140126
217,Winnemucca,40.97,-117.74,73.39999999999992,18,1,6.934514000000001,US,1603140127
218,Mareeba,-17.0,145.43,67.99999999999994,94,38,0.8052984,AU,1603140129
219,Yumen,40.28,97.2,43.77199999999999,53,0,16.1283374,CN,1603140070
220,Airai,-8.93,125.41,60.04400000000004,59,2,2.348787,TL,1603139753
221,Faanui,-16.48,-151.75,79.26799999999997,81,0,18.5218632,PF,1603140085
222,Saint-Leu,-21.15,55.28,69.80000000000001,77,40,6.934514000000001,RE,1603140134
223,Raudeberg,61.99,5.14,40.99999999999994,66,96,5.816044000000001,NO,1603140135
224,Clyde River,70.47,-68.59,31.873999999999967,98,100,5.122592600000001,CA,1603139771
225,Jiangkou,25.49,119.2,69.80000000000001,64,90,13.42164,CN,1603140137
226,Ponta do Sol,32.67,-17.1,71.59999999999997,68,20,12.750558000000002,PT,1603140090
227,Karatuzskoye,53.61,92.87,30.488,92,100,6.263432,RU,1603140139
228,Quelimane,-17.88,36.89,71.06,91,0,3.7133204,MZ,1603140140
229,Muisne,0.6,-80.03,76.49599999999992,81,94,10.849159,EC,1603140142
230,Ola,59.58,151.28,27.373999999999967,97,100,8.724066,RU,1603139575
231,Yangi Marg`ilon,40.43,71.72,51.799999999999955,53,0,6.934514000000001,UZ,1603139683
232,Snezhnogorsk,69.19,33.25,31.999999999999943,88,75,8.7016966,RU,1603140145
233,Den Helder,52.96,4.76,48.99199999999996,81,90,6.934514000000001,NL,1603140146
234,Qasigiannguit,68.82,-51.19,40.99999999999994,52,100,17.224438000000003,GL,1603140147
235,Masterton,-40.96,175.66,58.99999999999994,81,94,4.0041226000000005,NZ,1603139983
236,Carutapera,-1.2,-46.02,81.62600000000003,72,24,7.4266408,BR,1603140004
237,Garoowe,8.41,48.48,79.64600000000002,65,1,6.666081200000001,SO,1603140151
238,Valle de Allende,26.93,-105.4,84.2899999999999,19,0,3.4672570000000005,MX,1603140152
239,Kalmunai,7.42,81.82,78.31400000000002,78,69,4.4962494,LK,1603139690
240,Benjamín Aceval,-24.97,-57.57,100.39999999999992,25,20,9.171454,PY,1603140154
241,Leer,8.3,30.14,72.89600000000002,85,1,2.23694,SS,1603140155
242,Vila Velha,-20.33,-40.29,75.19999999999999,73,75,5.816044000000001,BR,1603139688
243,Susanville,40.42,-120.65,73.39999999999992,15,1,3.5791040000000005,US,1603140157
244,Callaguip,18.07,120.49,79.75399999999996,77,76,14.450632400000002,PH,1603140159
245,Yuzhne,46.62,31.1,42.799999999999955,70,0,10.1109688,UA,1603140160
246,Ordzhonīkīdze,52.44,61.74,50.936000000000035,44,80,10.6702038,KZ,1603140067
247,Narasannapeta,18.42,84.05,78.62000000000006,82,93,5.9949992000000005,IN,1603140162
248,Teknāf,20.86,92.31,79.26799999999997,84,88,6.8002976,BD,1603140163
249,Saint-Augustin,51.23,-58.65,47.281999999999925,83,8,11.5873492,CA,1603140165
250,Kon Tum,14.35,108.0,70.07,93,100,1.6105968,VN,1603140166
251,Skjold,55.8,9.94,46.00399999999996,100,91,5.816044000000001,DK,1603140167
252,Sakakah,29.97,40.21,73.39999999999992,11,0,5.816044000000001,SA,1603140168
253,Sumbe,-11.21,13.84,75.12799999999999,83,10,7.627965400000001,AO,1603140169
254,Umluj,25.02,37.27,82.45400000000001,42,0,4.7199434,SA,1603139729
255,Kushima,31.46,131.23,61.48399999999987,81,51,8.231939200000001,JP,1603140032
256,Beringovskiy,63.05,179.32,37.77800000000002,80,90,11.028114200000001,RU,1603140087
257,Luena,-11.78,19.92,67.53199999999998,52,0,1.8119214000000003,AO,1603140174
258,Sinnamary,5.38,-52.95,82.99399999999997,75,28,11.855782,GF,1603140087
259,Outjo,-20.12,16.15,70.916,24,0,10.6702038,NA,1603140176
260,Belyy Yar,53.6,91.39,28.399999999999977,79,100,7.158208000000001,RU,1603140177
261,Lata,40.16,-8.33,64.99399999999997,92,100,3.1988242000000002,PT,1603140104
262,Krasnoarmiys'k,48.28,37.18,45.60799999999995,71,0,7.3147938,UA,1603140179
263,Fortuna,40.6,-124.16,62.995999999999924,93,75,4.697574,US,1603139672
264,Srednekolymsk,67.45,153.68,14.881999999999948,96,38,1.7671826000000002,RU,1603140124
265,Kungurtug,50.6,97.52,16.123999999999967,92,92,2.7961750000000003,RU,1603140183
266,Concepción,-36.83,-73.05,62.599999999999966,48,0,23.040482000000004,CL,1603140184
267,Hasaki,35.73,140.83,51.99799999999999,100,75,4.697574,JP,1603139879
268,Taksimo,56.34,114.88,27.71599999999995,93,100,2.4830034000000003,RU,1603140186
269,Waverly,42.74,-84.62,49.99999999999994,62,75,3.35541,US,1603140026
270,Leningradskiy,69.38,178.42,26.186000000000035,91,95,6.845036400000001,RU,1603140151
271,Ginda,30.69,78.49,54.64400000000006,43,0,4.876529200000001,IN,1603140190
272,Brae,60.4,-1.35,46.39999999999998,87,100,33.330406,GB,1603139755
273,Yerbogachën,61.28,108.01,24.817999999999984,92,99,11.2070694,RU,1603140192
274,Fairlie,55.76,-4.86,53.599999999999966,87,100,9.171454,GB,1603140194
275,Kalianget,-7.05,113.93,80.34800000000001,76,92,11.274177600000002,ID,1603140195
276,Khāmgaon,20.68,76.57,77.07199999999995,79,0,1.7671826000000002,IN,1603140196
277,Talcahuano,-36.72,-73.12,62.599999999999966,48,0,23.040482000000004,CL,1603140198
278,Son La,21.32,103.9,59.93599999999998,95,100,1.5882274,VN,1603140199
279,Sovetskiy,61.36,63.58,32.611999999999966,97,92,2.23694,RU,1603140177
280,Faya,18.39,42.45,62.599999999999966,17,0,4.697574,SA,1603140157
281,Nanyang,32.99,112.53,56.38999999999993,60,98,0.38027980000000006,CN,1603140202
282,Kununurra,-15.77,128.73,80.59999999999997,88,79,3.35541,AU,1603140203
283,Buala,-8.14,159.59,83.44400000000002,76,47,5.2344396,SB,1603139723
284,Tuatapere,-46.13,167.68,48.00200000000001,83,47,5.9949992000000005,NZ,1603140168
285,Nacala,-14.54,40.67,74.06599999999997,86,0,2.8856526000000002,MZ,1603140207
286,Beyneu,45.32,55.2,56.08399999999989,33,0,15.054606200000002,KZ,1603139727
287,Mahébourg,-20.41,57.7,73.39999999999992,73,20,8.052984,MU,1603140132
288,Indiana,40.0,-86.25,51.00799999999998,87,90,6.934514000000001,US,1603140053
289,Cunha,-23.07,-44.96,64.094,94,100,4.138339,BR,1603140037
290,Colesberg,-30.72,25.1,66.68599999999998,25,11,13.42164,ZA,1603140212
291,Saint-François,46.42,3.91,55.99399999999997,66,87,11.408394,FR,1603139713
292,Nouadhibou,20.93,-17.03,85.99999999999994,35,0,17.224438000000003,MR,1603140215
293,Bowen,-20.02,148.23,64.39999999999992,93,21,3.35541,AU,1603139708
294,Leshukonskoye,64.9,45.76,30.00200000000001,99,100,5.816044000000001,RU,1603139900
295,Digras,20.12,77.72,75.09199999999993,86,46,2.8632832,IN,1603140218
296,Abhā,18.22,42.51,62.599999999999966,17,0,4.697574,SA,1603140018
297,Saint-Louis,16.33,-15.0,96.97999999999996,14,0,14.5848488,SN,1603140220
298,Vestmanna,62.16,-7.17,39.19999999999999,86,25,11.408394,FO,1603140082
299,Mayo,38.89,-76.51,69.99799999999999,72,1,9.171454,US,1603140222
300,Rio Grande City,26.38,-98.82,93.00200000000001,59,0,1.9908766000000002,US,1603140224
301,Vila Franca do Campo,37.72,-25.43,58.99999999999994,87,20,5.816044000000001,PT,1603140225
302,Mukhen,48.1,136.1,30.02000000000004,92,0,3.5119958000000002,RU,1603140226
303,Conway,35.09,-92.44,82.39999999999992,65,75,11.408394,US,1603140227
304,Lubao,14.92,120.55,78.80000000000001,83,90,2.23694,PH,1603140228
305,Alta Floresta,-9.88,-56.09,76.80199999999996,83,96,2.6619586,BR,1603140229
306,Dingle,11.0,122.67,76.94599999999997,88,100,2.348787,PH,1603140230
307,Ust'-Omchug,61.15,149.63,13.478000000000009,92,100,5.077853800000001,RU,1603140232
308,Baykit,61.67,96.37,24.331999999999937,93,100,10.4241404,RU,1603140233
309,Isangel,-19.55,169.27,73.39999999999992,88,75,6.934514000000001,VU,1603140234
310,Salalah,17.02,54.09,84.19999999999999,45,75,3.35541,OM,1603140105
311,Poronaysk,49.22,143.12,30.18199999999996,92,12,8.612219000000001,RU,1603140236
312,Arvika,59.66,12.59,31.999999999999943,77,100,3.35541,SE,1603140237
313,São José da Coroa Grande,-8.9,-35.15,76.406,75,76,10.245185200000002,BR,1603139661
314,Evensk,61.95,159.23,35.50999999999999,94,93,16.9112664,RU,1603139752
315,Aksu,41.12,80.26,49.136000000000024,46,0,2.8632832,CN,1603140241
316,Chicama,-7.84,-79.15,66.19999999999999,77,51,11.408394,PE,1603140156
317,Vostok,46.49,135.88,26.68999999999994,98,0,2.6619586,RU,1603139717
318,Marabba,12.35,32.18,83.87600000000003,52,35,12.9966214,SD,1603140244
319,Piaçabuçu,-10.41,-36.43,75.97399999999999,79,16,11.766304400000001,BR,1603140246
320,Lagoa,39.05,-27.98,63.787999999999954,72,50,35.119958000000004,PT,1603140084
321,Upernavik,72.79,-56.15,35.67199999999997,79,9,18.924512400000005,GL,1603140089
322,Usevya,-7.1,31.23,75.12799999999999,48,14,2.8856526000000002,TZ,1603140251
323,Campoverde,-8.48,-74.81,87.80000000000001,58,40,5.816044000000001,PE,1603140252
324,Kaduqli,11.02,29.72,76.99999999999994,67,7,3.6014734000000006,SD,1603140253
325,Mayumba,-3.43,10.66,77.14400000000006,88,100,8.1872004,GA,1603140254
326,Guangming,45.33,122.78,45.60799999999995,55,28,9.1043458,CN,1603140255
327,Bonavista,48.65,-53.11,51.00799999999998,84,87,9.417517400000001,CA,1603140257
328,Portland,45.52,-122.68,64.99399999999997,67,90,4.4067718000000005,US,1603140093
329,Padang,-0.95,100.35,77.97200000000004,70,8,4.5186188000000005,ID,1603140259
330,São Gabriel da Cachoeira,-0.13,-67.09,88.0159999999999,62,93,1.230317,BR,1603140260
331,Codrington,-38.27,141.97,45.553999999999974,89,7,4.2278166,AU,1603140071
332,Gainesville,29.65,-82.32,80.99599999999992,78,90,10.289924,US,1603140262
333,Hīt,33.64,42.83,73.47200000000004,21,0,6.2186932,IQ,1603140264
334,Port Moresby,-9.44,147.18,76.91000000000003,88,99,5.0331150000000004,PG,1603140171
335,Mananara,-16.17,49.77,70.82600000000008,88,17,4.966006800000001,MG,1603140266
336,San Marcos,33.14,-117.17,82.99399999999997,68,1,10.289924,US,1603140066
337,Doha,25.29,51.53,84.19999999999999,45,0,6.934514000000001,QA,1603140250
338,Gilgit,35.92,74.31,58.29800000000006,31,0,5.6818276,PK,1603140269
339,Avera,33.19,-82.53,78.80000000000001,47,1,4.697574,US,1603140231
340,Arenal,8.46,-73.94,83.156,71,100,2.7290668,CO,1603140271
341,Takoradze,4.88,-1.76,77.16199999999998,89,1,8.8806518,GH,1603140273
342,Saint Lawrence,36.06,14.2,66.00200000000001,82,40,1.11847,MT,1603140274
343,San Cristobal,7.77,-72.22,89.59999999999997,46,40,9.171454,VE,1603140113
344,Rio Grande,-32.03,-52.1,80.99599999999992,61,16,4.0041226000000005,BR,1603140276
345,Safaga,26.73,33.94,78.80000000000001,74,0,2.23694,EG,1603140277
346,Visby,57.64,18.3,44.99599999999998,60,8,13.869028000000002,SE,1603140278
347,Calamar,10.25,-74.91,85.99999999999994,74,75,10.289924,CO,1603140280
348,Salinas,36.68,-121.66,78.80000000000001,39,1,10.289924,US,1603140281
349,Tomé,-36.62,-72.95,62.599999999999966,48,0,23.040482000000004,CL,1603140282
350,Chapais,49.78,-74.85,35.70799999999997,82,73,2.7738056,CA,1603140283
351,Marawi,8.0,124.29,75.00200000000001,92,73,4.0041226000000005,PH,1603140285
352,Nísia Floresta,-6.09,-35.21,80.59999999999997,69,40,10.289924,BR,1603140286
353,Bone,51.97,12.14,42.00799999999998,96,42,6.889775200000001,DE,1603140287
354,Fort Saint James,54.43,-124.25,39.12800000000004,79,53,3.8251674,CA,1603140288
355,Rey Bouba,8.67,14.18,77.19800000000004,57,80,2.5501116,CM,1603140290
356,Arraial do Cabo,-22.97,-42.03,75.19999999999999,69,40,23.040482000000004,BR,1603140083
357,Usakos,-22.0,15.6,65.66000000000003,30,0,3.1540854,NA,1603140292
358,Pontianak,-0.03,109.33,76.82,90,91,2.0803542000000004,ID,1603140294
359,Dunedin,-45.87,170.5,51.00799999999998,68,37,2.9974996000000003,NZ,1603139617
360,Celestún,20.87,-90.4,82.59800000000001,78,9,15.323039,MX,1603140296
361,Marsh Harbour,26.54,-77.06,80.97800000000001,76,100,20.803542000000004,BS,1603140120
362,Haines Junction,60.75,-137.51,29.911999999999978,73,100,1.0513618,CA,1603140299
363,Montevideo,-34.83,-56.17,73.99399999999997,78,75,19.461378,UY,1603140165
364,Cumberland,35.05,-78.87,78.80000000000001,50,1,3.35541,US,1603140301
365,Olenegorsk,68.15,33.3,29.515999999999963,99,88,7.046361,RU,1603140025
366,Hong Kong,22.29,114.16,73.00399999999996,75,19,1.006623,HK,1603140073
367,Jadu,31.95,12.03,57.920000000000016,78,0,7.5161184,LY,1603140305
368,Kaniama,-7.57,24.18,68.43199999999996,90,58,2.1698318,CD,1603140306
369,Lębork,54.54,17.75,42.00799999999998,93,20,5.816044000000001,PL,1603140308
370,Omboué,-1.57,9.26,77.14400000000006,87,100,8.231939200000001,GA,1603140101
371,Hoopstad,-27.83,25.91,73.22000000000008,20,17,10.245185200000002,ZA,1603140310
372,Nogliki,51.83,143.17,27.75200000000001,87,0,11.9452596,RU,1603140311
373,Ahipara,-35.17,173.17,62.906000000000006,73,100,10.4688792,NZ,1603140313
374,Souillac,-20.52,57.52,73.39999999999992,73,20,8.052984,MU,1603140314
375,Iqaluit,63.75,-68.51,25.843999999999994,94,80,5.0554844,CA,1603139879
376,Havøysund,71.0,24.66,37.39999999999998,86,75,6.934514000000001,NO,1603139735
377,Tomatlán,19.93,-105.25,89.34800000000001,66,13,8.7911742,MX,1603139754
378,Cururupu,-1.83,-44.87,80.25799999999998,73,73,4.362033,BR,1603140319
379,Khasan,42.43,130.64,50.10799999999995,56,0,4.451510600000001,RU,1603140320
380,Cabinda,-5.55,12.2,76.85600000000005,86,21,6.7779282,AO,1603140321
381,Inuvik,68.35,-133.72,18.410000000000025,96,98,10.9162672,CA,1603140323
382,Witu,-2.39,40.44,76.99999999999994,83,1,3.35541,KE,1603140324
383,Westport,41.14,-73.36,64.99399999999997,72,90,8.052984,US,1603140143
384,Gramada,43.83,22.66,40.99999999999994,7,0,2.348787,BG,1603140326
385,Tual,-5.67,132.75,80.74399999999997,81,99,12.6163416,ID,1603140327
386,Port Blair,11.67,92.75,80.87000000000006,84,25,13.5558564,IN,1603140328
387,Pochutla,15.74,-96.47,91.39999999999992,55,20,6.934514000000001,MX,1603140330
388,Comodoro Rivadavia,-45.87,-67.5,58.99999999999994,24,20,20.803542000000004,AR,1603140331
389,Nanga Eboko,4.68,12.37,70.10600000000005,83,61,1.0513618,CM,1603140332
390,Kendari,-3.94,122.5,73.32800000000003,90,58,3.0646078000000005,ID,1603140333
391,Bambous Virieux,-20.34,57.76,73.39999999999992,73,20,8.052984,MU,1603140092
392,Taft,31.75,54.21,57.19999999999999,11,0,4.697574,IR,1603140336
393,Broken Hill,-31.95,141.43,53.599999999999966,54,40,9.171454,AU,1603140292
394,Ilulissat,69.22,-51.1,40.99999999999994,52,100,17.224438000000003,GL,1603139881
395,Biak,-0.91,122.88,76.99999999999994,71,63,8.008245200000001,ID,1603139758
396,Thunder Bay,48.4,-89.32,37.00399999999996,60,100,6.643711800000001,CA,1603140160
397,Puerto Ayacucho,5.66,-67.62,86.28799999999995,74,64,2.4830034000000003,VE,1603140341
398,Naze,28.37,129.48,75.19999999999999,88,40,14.987498000000002,JP,1603140342
399,Malartic,48.13,-78.13,39.93799999999999,71,43,3.5791040000000005,CA,1603140344
400,Chërnaya Kholunitsa,58.85,51.72,34.898000000000025,94,92,6.420017800000001,RU,1603140345
401,Oranjemund,-28.55,16.43,58.136000000000024,87,2,12.012367800000002,NA,1603140115
402,Lafiagi,8.87,5.42,80.97800000000001,69,96,3.7133204,NG,1603140347
403,Araguaçu,-12.93,-49.83,78.80000000000001,65,93,5.2344396,BR,1603140348
404,Port-Gentil,-0.72,8.78,78.80000000000001,88,40,10.289924,GA,1603140350
405,Pitsunda,43.16,40.34,57.19999999999999,93,20,2.23694,GE,1603140351
406,Margate,51.38,1.39,55.00399999999996,65,98,8.9924988,GB,1603140352
407,Sandakan,5.84,118.12,76.99999999999994,94,20,2.23694,MY,1603140353
408,Orange Walk District,17.83,-88.83,87.00799999999998,83,40,3.35541,BZ,1603140354
409,Port Macquarie,-31.43,152.92,62.00600000000003,99,85,1.9908766000000002,AU,1603140312
410,Egvekinot,66.32,-179.17,25.898000000000025,96,37,5.6594581999999996,RU,1603140323
411,Andenes,69.31,16.12,30.19999999999999,74,0,3.35541,NO,1603140358
412,San Pedro de Urabá,8.28,-76.38,77.05399999999992,88,100,10.0885994,CO,1603140359
413,Oistins,13.07,-59.53,87.80000000000001,66,20,6.934514000000001,BB,1603140360
414,Freeport,40.66,-73.58,66.00200000000001,68,1,8.052984,US,1603140361
415,Kloulklubed,7.04,134.26,76.99999999999994,94,75,3.35541,PW,1603140362
416,Lagos,6.58,3.75,76.99999999999994,94,75,5.816044000000001,NG,1603139841
417,Jizan,17.33,42.67,84.19999999999999,74,0,4.7423128000000005,SA,1603140366
418,São João da Barra,-21.64,-41.05,75.19999999999999,69,99,16.105968,BR,1603140173
419,Corinth,37.94,22.96,66.99200000000002,56,45,8.008245200000001,GR,1603140368
420,Cartagena,10.4,-75.51,85.99999999999994,74,75,10.289924,CO,1603140204
421,Wajid,3.81,43.25,75.84800000000001,77,100,15.65858,SO,1603140370
422,Abu Kamal,34.45,40.92,69.97999999999996,24,2,4.787051600000001,SY,1603140332
423,Guarda,40.54,-7.27,60.00799999999998,87,100,1.006623,PT,1603140337
424,Plettenberg Bay,-34.05,23.37,59.62999999999994,82,100,10.178077,ZA,1603140374
425,Knyaze-Volkonskoye,48.46,135.46,24.799999999999955,68,0,4.47388,RU,1603140375
426,Eyl,7.98,49.82,80.97800000000001,78,29,3.8251674,SO,1603140356
427,San Quintín,30.48,-115.95,77.77399999999994,55,0,19.416639200000002,MX,1603140334
428,Iracoubo,5.48,-53.2,82.95799999999991,76,16,12.2360618,GF,1603140378
429,Hays,30.05,-98.03,89.99599999999992,54,69,10.0885994,US,1603140379
430,Broome,42.25,-75.83,57.00200000000001,93,90,6.934514000000001,US,1603140324
431,São Félix do Xingu,-6.64,-51.99,91.27399999999994,37,92,4.3844024,BR,1603140382
432,Bowling Green,36.99,-86.44,64.39999999999992,93,90,12.750558000000002,US,1603140084
433,Taraz,42.9,71.37,40.99999999999994,48,0,4.47388,KZ,1603140384
434,Verkhnyaya Inta,65.98,60.31,18.031999999999925,94,42,2.8185444000000004,RU,1603140385
435,Narwar,25.65,77.9,75.32600000000008,27,92,1.5882274,IN,1603140386
436,Çermik,38.14,39.45,62.599999999999966,39,40,6.934514000000001,TR,1603140387
437,Māyakonda,14.28,76.08,69.83600000000007,96,100,6.7331894,IN,1603140389
438,Grindavik,63.84,-22.43,35.599999999999966,80,75,8.052984,IS,1603140390
439,Kojnare,43.35,24.13,40.99999999999994,58,5,2.23694,BG,1603140391
440,Campo Maior,-4.83,-42.17,90.2659999999999,32,67,2.6619586,BR,1603140262
441,Cabo San Lucas,22.89,-109.91,91.99399999999997,62,5,8.052984,MX,1603140079
442,Husavik,66.04,-17.34,35.599999999999966,80,75,2.460634,IS,1603140394
443,Port Lincoln,-34.73,135.87,55.886000000000024,86,100,12.6163416,AU,1603139766
444,Riyadh,24.69,46.72,69.80000000000001,23,0,5.816044000000001,SA,1603140141
445,Santa Isabel,-23.32,-46.22,80.59999999999997,88,90,5.816044000000001,BR,1603140269
446,Greytown,-29.06,30.59,65.46199999999993,84,20,2.23694,ZA,1603140399
447,Vila,42.03,-8.16,57.99200000000002,94,100,5.1897008,PT,1603140400
448,Asadābād,34.78,48.12,45.464,55,0,0.31317160000000005,IR,1603140401
449,Santa Rosa,14.31,121.11,82.39999999999992,83,75,4.697574,PH,1603140402
450,San Andrés,12.58,-81.7,89.59999999999997,70,75,5.816044000000001,CO,1603140372
451,Olafsvik,64.89,-23.71,39.54199999999997,73,92,10.5807262,IS,1603139951
452,Pevek,69.7,170.31,24.62000000000006,94,0,13.980875000000001,RU,1603140091
453,Mandalgovi,45.76,106.27,36.698000000000036,68,33,18.253430400000003,MN,1603140407
454,Thaba-Tseka,-29.52,28.61,59.557999999999936,33,18,6.8002976,LS,1603140408
455,Luanda,-8.84,13.23,76.99999999999994,83,20,8.052984,AO,1603140379
456,Saldanha,-33.01,17.94,58.99999999999994,67,100,2.23694,ZA,1603139951
457,Bonthe,7.53,-12.51,78.85399999999998,88,98,5.122592600000001,SL,1603140349
458,Santa María del Oro,25.93,-105.37,82.14799999999997,20,0,4.831790400000001,MX,1603140412
459,Governador Valadares,-18.85,-41.95,69.97999999999996,83,100,2.5053728000000004,BR,1603140390
460,Te Anau,-45.42,167.72,49.17199999999997,66,24,4.563357600000001,NZ,1603140122
461,Mamontovo,52.71,81.62,37.45399999999995,70,100,16.642833600000003,RU,1603140416
462,Minyar,55.07,57.55,46.70600000000002,90,98,3.3106712000000003,RU,1603140417
463,Dongying,37.46,118.49,56.26399999999995,39,0,3.4448876000000004,CN,1603140418
464,Stokmarknes,68.56,14.91,35.99599999999998,74,26,3.35541,NO,1603140419
465,Road Town,18.42,-64.62,85.99999999999994,74,40,8.052984,VG,1603140420
466,Astoria,46.19,-123.83,60.80000000000001,72,90,8.052984,US,1603140421
467,Ancud,-41.87,-73.82,51.799999999999955,50,75,5.816044000000001,CL,1603140086
468,Luganville,-15.53,167.17,76.99999999999994,88,75,6.934514000000001,VU,1603140424
469,Heze,35.24,115.44,54.22999999999996,55,97,5.1897008,CN,1603140425
470,General Pico,-35.66,-63.76,67.51399999999995,34,99,5.7936746,AR,1603140426
471,Berlevåg,70.86,29.09,39.19999999999999,74,75,18.342908,NO,1603139772
472,Biltine,14.53,20.92,85.17199999999997,14,0,5.0554844,TD,1603140428
473,Teya,60.38,92.63,25.537999999999954,94,98,7.762181800000001,RU,1603140269
474,Koungheul,13.98,-14.8,87.07999999999998,29,0,5.4357642,SN,1603140431
475,Henties Bay,-22.12,14.28,58.99999999999994,86,0,1.9908766000000002,NA,1603140168
476,Walvis Bay,-22.96,14.51,58.99999999999994,77,0,4.697574,NA,1603140224
477,Carupano,10.67,-63.26,84.82999999999998,68,20,10.5359874,VE,1603140434
478,Planaltina,-15.45,-47.61,71.59999999999997,88,75,5.816044000000001,BR,1603140435
479,Mugur-Aksy,50.35,90.5,15.241999999999962,82,98,4.8988986,RU,1603140436
480,Nishihara,26.18,127.76,76.99999999999994,88,40,11.408394,JP,1603140438
481,Daru,-9.08,143.21,79.10600000000005,86,100,9.775427800000001,PG,1603140439
482,Harper,4.38,-7.72,77.37799999999999,85,49,7.5384878,LR,1603140222
483,Safonovo,55.15,33.22,37.07600000000008,81,73,13.936136200000002,RU,1603140442
484,Tarauacá,-8.16,-70.77,91.77800000000008,44,69,3.1988242000000002,BR,1603140443
485,Pingzhuang,42.04,119.29,46.34599999999995,52,0,5.2120702,CN,1603140444
486,Merauke,-8.47,140.33,77.52199999999999,88,100,9.417517400000001,ID,1603140446
487,Moose Factory,51.26,-80.61,37.22000000000003,81,99,4.697574,CA,1603140447
488,Fort Myers Beach,26.45,-81.95,76.99999999999994,83,75,8.052984,US,1603140374
489,Newton Abbot,50.53,-3.61,58.99999999999994,8,100,18.3205386,GB,1603140449
490,Jōetsu,37.15,138.24,48.99199999999996,100,44,6.084476800000001,JP,1603140450
491,Limbang,4.75,115.0,76.99999999999994,88,75,4.697574,MY,1603140451
492,Itupiranga,-5.13,-49.33,93.19999999999999,49,75,1.11847,BR,1603140453
493,Kieta,-6.22,155.63,81.73399999999987,73,6,2.9080220000000003,PG,1603140346
494,Güinope,13.88,-86.93,80.59999999999997,57,75,11.408394,HN,1603140455
495,Jalu,29.03,21.55,76.33399999999989,41,31,6.643711800000001,LY,1603140061
496,Kolosovka,56.47,73.61,41.036,79,93,9.5517338,RU,1603140457
497,Ames,42.03,-93.62,33.99799999999999,80,90,6.934514000000001,US,1603140265
498,Princeton,25.54,-80.41,84.19999999999999,74,75,14.987498000000002,US,1603140209
499,Suwannaphum,15.6,103.8,67.49599999999992,91,99,7.3147938,TH,1603140460
500,Forsytheganj,52.63,29.73,38.317999999999984,78,0,8.7911742,BY,1603140159
501,Laas,46.62,10.7,49.99999999999994,93,5,1.7000744,IT,1603140271
502,Vila do Maio,15.13,-23.22,82.39999999999992,69,100,11.408394,CV,1603140464
503,Ocala,29.19,-82.14,85.99999999999994,62,75,16.105968,US,1603140287
504,Adrar,20.5,-10.07,86.95400000000001,16,0,9.7977972,MR,1603139777
505,Manzhouli,49.6,117.43,36.21199999999993,79,100,5.9949992000000005,CN,1603140467
506,Kibaya,-5.3,36.57,60.96199999999993,89,0,5.7713052000000005,TZ,1603140468
507,Puerto Limón,10.0,-83.03,85.99999999999994,70,100,9.171454,CR,1603140470
508,Ponta Delgada,37.73,-25.67,58.99999999999994,87,20,5.816044000000001,PT,1603140180
509,Dali,25.7,100.18,58.315999999999974,90,99,3.5343652000000003,CN,1603140472
510,Carballo,43.21,-8.69,62.599999999999966,88,75,6.934514000000001,ES,1603140473
511,Port Hedland,-20.32,118.57,71.59999999999997,94,0,10.289924,AU,1603139949
512,Cidreira,-30.18,-50.21,69.49399999999997,86,0,13.779550400000002,BR,1603140101
513,Anadyr,64.75,177.48,33.799999999999955,74,85,8.94776,RU,1603140243
514,Rognac,43.49,5.23,60.00799999999998,77,75,11.408394,FR,1603140477
515,Mitsamiouli,-11.38,43.28,78.20599999999996,73,8,1.8119214000000003,KM,1603140479
516,Grenå,56.42,10.88,44.99599999999998,93,96,1.11847,DK,1603140480
517,Marystown,47.17,-55.15,57.00200000000001,100,63,5.2791784,CA,1603140322
518,Bandiagara,14.35,-3.61,88.844,16,0,9.2385622,ML,1603140482
519,Phuket,8.0,98.25,84.99200000000002,100,20,3.35541,TH,1603140483
520,Hwange,-18.37,26.5,75.59599999999995,21,0,1.9461378,ZW,1603140484
521,Barra do Bugres,-15.07,-57.18,83.13799999999998,57,98,5.7489358,BR,1603140486
522,Pitkyaranta,61.57,31.48,34.97000000000003,88,97,11.564979800000001,RU,1603140487
523,Zhigansk,66.77,123.37,15.529999999999973,96,100,9.462256200000002,RU,1603140488
524,Kavieng,-2.57,150.8,82.43599999999998,71,70,2.23694,PG,1603140164
525,Palmer,42.16,-72.33,62.599999999999966,59,75,4.697574,US,1603140490
526,Sibolga,1.74,98.78,76.42399999999992,79,47,3.6238428000000007,ID,1603140491
527,Lüderitz,-26.65,15.16,59.61199999999991,72,0,24.405015400000003,NA,1603140083
528,Sarangani,5.4,125.46,81.64400000000006,80,100,12.5716028,PH,1603140494
529,Oxkutzkab,20.3,-89.42,82.02199999999999,89,22,4.876529200000001,MX,1603140495
530,Gogrial,8.53,28.1,72.71599999999995,78,2,1.0513618,SS,1603140496
531,Luwuk,-0.95,122.79,77.46800000000002,65,63,6.554234200000001,ID,1603140497
532,Putina,-15.47,-69.43,51.18799999999999,55,59,9.7977972,PE,1603140315
533,Qeshm,26.96,56.27,71.59999999999997,68,0,4.697574,IR,1603140307
534,Hamilton,39.18,-84.53,58.99999999999994,93,90,3.35541,US,1603140229
535,Kuril'sk,45.23,147.88,48.073999999999955,72,82,8.9924988,RU,1603140314
536,Darnah,32.77,22.64,70.37600000000003,77,49,6.0173686,LY,1603140162
537,Dondo,-19.61,34.74,69.00799999999998,90,0,5.4357642,MZ,1603140504
538,Pacific Grove,36.62,-121.92,78.80000000000001,77,20,6.934514000000001,US,1603139877
539,Āmta,22.58,88.01,82.39999999999992,88,40,3.35541,IN,1603140506
540,Grand Gaube,-20.01,57.66,73.00399999999996,73,32,1.9908766000000002,MU,1603140153
541,Vung Tau,10.35,107.08,77.79199999999997,88,100,7.583226600000001,VN,1603140508
542,Hervey Bay,-25.3,152.85,71.00600000000003,77,90,9.171454,AU,1603140109
543,Alwar,27.57,76.6,75.18199999999996,20,0,2.0579848000000003,IN,1603140255
544,Tazovsky,67.47,78.7,16.988,97,13,7.717443000000001,RU,1603140512
545,Santarém,-2.44,-54.71,87.80000000000001,66,20,5.816044000000001,BR,1603140513
546,Gijón,43.54,-5.66,64.39999999999992,63,20,5.816044000000001,ES,1603140335
547,Lewisporte,49.25,-55.05,55.99399999999997,84,100,1.006623,CA,1603140516
548,Périgueux,45.18,0.72,55.99399999999997,76,91,1.9908766000000002,FR,1603140517
549,San Diego de Los Baños,22.65,-83.37,80.18599999999998,84,59,7.113469200000001,CU,1603140518
550,Coffs Harbour,-30.3,153.13,60.80000000000001,87,72,6.934514000000001,AU,1603140450
551,Fene,43.45,-8.15,64.99399999999997,88,75,6.934514000000001,ES,1603140520
552,Gaborone,-24.65,25.91,89.59999999999997,14,70,6.934514000000001,BW,1603140312
553,Charters Towers,-20.1,146.27,69.90799999999996,79,2,8.94776,AU,1603140283
554,Alice Springs,-23.7,133.88,62.599999999999966,88,75,6.934514000000001,AU,1603140158
555,Palmerston,-12.49,130.98,78.99799999999999,88,40,2.23694,AU,1603140525
556,Campeche,19.0,-90.5,80.99599999999992,94,52,4.3844024,MX,1603140526
557,Kaili,-3.46,120.21,69.26000000000005,82,100,1.0961006,ID,1603140527
558,Issia,6.49,-6.59,72.57199999999995,97,85,1.4540110000000002,CI,1603140528
559,Wajima,37.4,136.9,62.65399999999994,55,7,5.905521600000001,JP,1603140529
560,Tabou,4.42,-7.35,76.98199999999991,85,67,7.918767600000001,CI,1603140531
561,Opuwo,-18.06,13.84,70.48399999999987,28,0,6.688450600000001,NA,1603140285
562,Shiraz,29.6,52.54,57.19999999999999,19,0,4.854159800000001,IR,1603140533
563,Kutum,14.2,24.67,77.95400000000001,18,26,12.0347372,SD,1603140534
564,Balsas,-7.53,-46.04,92.37200000000001,22,16,4.876529200000001,BR,1603140535
565,Praia,14.92,-23.51,82.39999999999992,69,97,11.408394,CV,1603140536
566,Turbat,26.0,63.04,69.22399999999999,20,0,7.627965400000001,PK,1603140537
567,Marakkanam,12.2,79.95,80.20400000000001,79,100,6.330540200000001,IN,1603140539
568,Bathsheba,13.22,-59.52,87.80000000000001,66,20,6.934514000000001,BB,1603140167
569,Staroaleyskoye,51.01,82.0,32.97199999999998,86,75,8.7688048,RU,1603140541
570,Kamina,-8.74,24.99,67.892,78,4,7.158208000000001,CD,1603140542
571,Leh,34.17,77.58,35.761999999999944,52,0,8.008245200000001,IN,1603140543
572,Cavalcante,-13.8,-47.46,74.44400000000002,69,89,6.8002976,BR,1603140544
573,Eufaula,31.89,-85.15,80.99599999999992,60,0,1.006623,US,1603140621
574,Ibrā’,22.69,58.53,74.26399999999995,16,58,6.5766036,OM,1603140622
575,Koboko,3.41,30.96,61.86199999999991,99,100,3.4225182000000003,UG,1603140623
576,Mil'kovo,54.72,158.62,34.46599999999995,86,100,5.704197,RU,1603140624
577,Vichuga,57.21,41.93,35.07800000000003,87,96,9.6859502,RU,1603140625
578,Ust-Tsilma,65.44,52.15,28.093999999999994,97,100,7.270055,RU,1603140626
